{"cameraMode":{"drawMode":0,"name":"Shaded","section":"Shading Mode"},"sceneLighting":false,"audioPlay":false,"sceneViewState":{"showFog":false,"showMaterialUpdate":false,"showSkybox":false,"showFlares":false,"showImageEffects":false,"showParticleSystems":false},"in2DMode":false,"pivot":{"x":0.0,"y":5.149999618530273,"z":0.0000010132789611816407},"rotation":{"x":-0.04517123103141785,"y":0.660886824131012,"z":-0.039904870092868808,"w":-0.7480728626251221},"size":13.510828971862793,"orthographic":false}