{"cameraMode":{"drawMode":0,"name":"Shaded","section":"Shading Mode"},"sceneLighting":true,"audioPlay":false,"sceneViewState":{"showFog":false,"showMaterialUpdate":false,"showSkybox":false,"showFlares":false,"showImageEffects":false,"showParticleSystems":false},"in2DMode":false,"pivot":{"x":-8.238585472106934,"y":0.4468630254268646,"z":0.3059060573577881},"rotation":{"x":0.020635392516851426,"y":-0.9522541761398315,"z":0.0660853236913681,"w":0.2974112331867218},"size":3.6400716304779054,"orthographic":false}