{"cameraMode":{"drawMode":0,"name":"Shaded","section":"Shading Mode"},"sceneLighting":false,"audioPlay":false,"sceneViewState":{"showFog":false,"showMaterialUpdate":false,"showSkybox":false,"showFlares":false,"showImageEffects":false,"showParticleSystems":false},"in2DMode":false,"pivot":{"x":1.1920928955078126e-7,"y":1.7297041416168213,"z":-0.3852308690547943},"rotation":{"x":0.10397529602050781,"y":-0.7645168900489807,"z":0.12755264341831208,"w":0.6232771873474121},"size":4.33242654800415,"orthographic":false}